Source,Concept,Category,Relation,Evidence,SNOMED CT match,Preferred_label,URI/ID,Status,Match,RDF syntax,Semantic validation,Manual correction made,Comment
"PHQ-9 - phq2 : Feeling down, depressed, or hopeless",depression,symptom,,"This item directly assesses the experience of depression, a common symptom of depressive disorders.","depression, depressed mood", Depressed mood,366979004,existing_concept,Narrower,Pass,Correct,Yes ,"Qwen proposed ""depression"", a disorder-level label; the item describes a mood state, so it was corrected to a symptom-level concept. Minor gap: ""hopeless"" is not named in the concept. "
PHQ-9 - phq4 : Feeling tired or having little energy,fatigue,symptom,,"The item describes a subjective experience of tiredness or lack of energy, which is a common symptom of depression."," Fatigue, lack of energie",Fatigue,84229001,existing_concept,Exact ,Pass,Correct,No,"Qwen's ""fatigue"" confirmed. ""Lack of energy"" (248274002) rejected: it covers only half of the item (""tired or little energy""). "
"PHQ-9 - phq7 : Trouble concentrating on things, such as reading the newspaper or watching television",attention_deficit,symptom,,"The item assesses difficulty concentrating, which is a common symptom of depression.","Attention deficit hyperactivity disorder suspected,poor concentration",Poor concentration,26329005,existing_concept,Exact ,Pass,Correct,Yes ,"Qwen proposed ""attention_deficit"", close to ADHD, which the item does not mention. ""ADHD suspected"" rejected (suspected-diagnosis situation). ""Poor concentration"" matches the item wording. "
PHQ-9 - phq9 : Thoughts that you would be better off dead or of hurting yourself in some way,suicidal ideation,finding,is_a -> psychological finding,"The item asks about thoughts of self-harm, which is a specific type of suicidal ideation.",Suicidal thoughts (synonyme : Suicidal ideation) ,Suicidal thoughts,6471006,existing_concept,Narrower,Pass,Correct,Yes (relation) ,"Qwen's ""suicidal ideation"" confirmed (synonym). The SNOMED concept is narrower than the composite item: thoughts of self-harm are not always suicidal. Qwen's relation replaced by assesses (first run: self-referential is_a; second run: is_a psychological finding, which describes the concept, not the item). Its evidence wrongly presents self-harm as a type of suicidal ideation. No equivalence asserted in the RDF."
"GAD-7 - gad1 : Feeling nervous, anxious, or on edge",anxiety,symptom,is_a -> anxiety,"The item directly assesses the experience of anxiety, a common symptom in anxiety disorders.", Anxiety,Anxiety,48694002,existing_concept,Narrower,Pass,Correct,Yes (relation) ,"Qwen's ""anxiety"" confirmed (finding, not disorder). Self-referential relation (is_a anxiety) replaced by assesses. ""Feeling nervous"" (424196004) rejected: narrower, does not cover ""anxious"". ""On edge"" is not named by either concept. "
GAD-7 - gad4 : Trouble relaxing,anxiety,symptom,,"The item assesses difficulty in relaxing, which is a common anxiety symptom.",aucun ,aucun ,aucun ,existing_concept,No Match ,Pass,Uncertain,Yes ,"Qwen proposed ""anxiety"", redundant with gad1 (it loses ""trouble relaxing""). No SNOMED CT result for ""unable to relax"" or ""difficulty relaxing"". Recorded as a candidate concept; no SNOMED link asserted in the RDF. "
GAD-7 - gad6 : Becoming easily annoyed or irritable,irritability,symptom,is_a -> mood disturbance,"The item directly assesses irritability, a mood disturbance often reported in anxiety disorders.", Feeling irritable,"Feeling irritable (synonymes : Irritability, Fussiness)",55929007,existing_concept,Exact ,Pass,Correct,Yes (relation) ,"Qwen's ""irritability"" confirmed (synonym). Relation is_a -> mood disturbance replaced by assesses. Minor gap: ""easily annoyed"" is not named in the concept. "
Epworth Sleepiness Scale - epw4 : As a passenger in a car for an hour without a break,daytime sleepiness,symtom,,"The item measures the likelihood of dozing off during a passive, non-stimulating activity, which is a direct assessment of daytime sleepiness.",Drowsy ,Excessive daytime sleepiness,1367959007,existing_concept,Narrower,Pass,Correct,No,"Qwen's final ""daytime sleepiness"" is acceptable (first run: ""risk_of_sleepiness"", non-standard). The SNOMED concept is narrower: ""excessive"" implies a clinical threshold, while the item scores propensity from 0 to 3. Rejected: ""Drowsy"" (a state, no daytime dimension) and ""Hypersomnia"" (a disorder). Parent ""Daytime somnolence"" not found. No equivalence asserted in the RDF. "
"Epworth Sleepiness Scale - epw8 : In a car, while stopped for a few minutes in traffic",daytime sleepiness,symptom,,"The item measures the likelihood of dozing off in a specific situation, which is a direct manifestation of daytime sleepiness.",Drowsy ,Excessive daytime sleepiness,1367959007,existing_concept,Narrower,Pass,Correct,No,"Same mapping as epw4. The car/traffic situation is only a context for the same concept (first run: ""risk_of_sleeping_while_driving"", too specific)."
